Date,ProfileChart
2023-02-23,"defaultdict(<class 'str'>, {70: '', 71: '', 72: '', 73: '', 74: '', 75: '', 76: '', 77: '', 78: '', 79: '', 80: '', 81: '', 82: '', 83: '', 84: '', 85: '', 86: '', 87: '', 88: '', 89: '', 90: '', 91: '', 92: '', 93: '', 94: '', 95: '', 96: '', 97: '', 98: 'osQR', 99: 'NtPU', 100: '', 101: 'SV', 102: 'OW', 103: 'T', 104: '', 105: '', 106: '', 107: '', 108: '', 109: '', 110: '', 111: ''})"
2023-02-24,"defaultdict(<class 'str'>, {70: '', 71: '', 72: '', 73: '', 74: '', 75: '', 76: '', 77: '', 78: '', 79: '', 80: '', 81: '', 82: '', 83: '', 84: '', 85: '', 86: '', 87: '', 88: '', 89: '', 90: '', 91: '', 92: '', 93: '', 94: 'NQW', 95: 'PRSTUV', 96: 'Oost', 97: '', 98: '', 99: '', 100: '', 101: '', 102: '', 103: '', 104: '', 105: '', 106: '', 107: '', 108: '', 109: '', 110: '', 111: ''})"
2023-02-27,"defaultdict(<class 'str'>, {70: '', 71: '', 72: '', 73: '', 74: '', 75: '', 76: '', 77: '', 78: '', 79: '', 80: '', 81: '', 82: '', 83: '', 84: '', 85: '', 86: '', 87: '', 88: '', 89: '', 90: '', 91: '', 92: 'NV', 93: 'tPQRUW', 94: 'OosST', 95: '', 96: '', 97: '', 98: '', 99: '', 100: '', 101: '', 102: '', 103: '', 104: '', 105: '', 106: '', 107: '', 108: '', 109: '', 110: '', 111: ''})"
2023-02-28,"defaultdict(<class 'str'>, {70: '', 71: '', 72: '', 73: '', 74: '', 75: '', 76: '', 77: '', 78: '', 79: '', 80: '', 81: '', 82: '', 83: '', 84: '', 85: '', 86: '', 87: '', 88: '', 89: 'o', 90: 'O', 91: 'NQSUW', 92: 'tRTV', 93: 's', 94: 'P', 95: '', 96: '', 97: '', 98: '', 99: '', 100: '', 101: '', 102: '', 103: '', 104: '', 105: '', 106: '', 107: '', 108: '', 109: '', 110: '', 111: ''})"
2023-03-01,"defaultdict(<class 'str'>, {70: '', 71: '', 72: '', 73: '', 74: '', 75: '', 76: '', 77: '', 78: '', 79: '', 80: '', 81: '', 82: '', 83: '', 84: '', 85: '', 86: 'VW', 87: 'OostPQRSTU', 88: '', 89: 'N', 90: '', 91: '', 92: '', 93: '', 94: '', 95: '', 96: '', 97: '', 98: '', 99: '', 100: '', 101: '', 102: '', 103: '', 104: '', 105: '', 106: '', 107: '', 108: '', 109: '', 110: '', 111: ''})"
2023-03-02,"defaultdict(<class 'str'>, {70: '', 71: '', 72: '', 73: '', 74: '', 75: '', 76: '', 77: '', 78: '', 79: '', 80: '', 81: '', 82: '', 83: 'PW', 84: 'QRS', 85: 'NtTV', 86: 'OsU', 87: 'o', 88: '', 89: '', 90: '', 91: '', 92: '', 93: '', 94: '', 95: '', 96: '', 97: '', 98: '', 99: '', 100: '', 101: '', 102: '', 103: '', 104: '', 105: '', 106: '', 107: '', 108: '', 109: '', 110: '', 111: ''})"
2023-03-03,"defaultdict(<class 'str'>, {70: '', 71: '', 72: '', 73: '', 74: '', 75: '', 76: '', 77: '', 78: '', 79: '', 80: '', 81: '', 82: '', 83: '', 84: '', 85: 'NOsP', 86: 'otQV', 87: 'RSUW', 88: 'T', 89: '', 90: '', 91: '', 92: '', 93: '', 94: '', 95: '', 96: '', 97: '', 98: '', 99: '', 100: '', 101: '', 102: '', 103: '', 104: '', 105: '', 106: '', 107: '', 108: '', 109: '', 110: '', 111: ''})"
2023-03-06,"defaultdict(<class 'str'>, {70: '', 71: '', 72: '', 73: '', 74: '', 75: '', 76: '', 77: '', 78: '', 79: '', 80: '', 81: '', 82: '', 83: '', 84: '', 85: 'ost', 86: 'NQ', 87: 'PRS', 88: '', 89: 'T', 90: 'O', 91: '', 92: '', 93: '', 94: '', 95: 'U', 96: 'V', 97: '', 98: '', 99: '', 100: 'W', 101: '', 102: '', 103: '', 104: '', 105: '', 106: '', 107: '', 108: '', 109: '', 110: '', 111: ''})"
2023-03-07,"defaultdict(<class 'str'>, {70: '', 71: '', 72: '', 73: '', 74: '', 75: '', 76: '', 77: '', 78: '', 79: '', 80: '', 81: '', 82: '', 83: '', 84: '', 85: '', 86: '', 87: '', 88: '', 89: '', 90: 'VW', 91: '', 92: 'TU', 93: 'OoQRS', 94: '', 95: 'NsP', 96: 't', 97: '', 98: '', 99: '', 100: '', 101: '', 102: '', 103: '', 104: '', 105: '', 106: '', 107: '', 108: '', 109: '', 110: '', 111: ''})"
2023-03-08,"defaultdict(<class 'str'>, {70: '', 71: '', 72: '', 73: '', 74: '', 75: '', 76: '', 77: '', 78: '', 79: '', 80: '', 81: '', 82: '', 83: '', 84: '', 85: 'TUW', 86: 'V', 87: 'OS', 88: 'NtQR', 89: 'sP', 90: 'o', 91: '', 92: '', 93: '', 94: '', 95: '', 96: '', 97: '', 98: '', 99: '', 100: '', 101: '', 102: '', 103: '', 104: '', 105: '', 106: '', 107: '', 108: '', 109: '', 110: '', 111: ''})"
2023-03-09,"defaultdict(<class 'str'>, {70: '', 71: '', 72: '', 73: '', 74: '', 75: '', 76: '', 77: '', 78: '', 79: '', 80: '', 81: '', 82: '', 83: 'VW', 84: 'STU', 85: 'PR', 86: 'NotQ', 87: 'Os', 88: '', 89: '', 90: '', 91: '', 92: '', 93: '', 94: '', 95: '', 96: '', 97: '', 98: '', 99: '', 100: '', 101: '', 102: '', 103: '', 104: '', 105: '', 106: '', 107: '', 108: '', 109: '', 110: '', 111: ''})"
2023-03-10,"defaultdict(<class 'str'>, {70: '', 71: '', 72: '', 73: '', 74: '', 75: '', 76: 'TUV', 77: 'OPQRS', 78: 'Nst', 79: 'o', 80: '', 81: '', 82: '', 83: 'W', 84: '', 85: '', 86: '', 87: '', 88: '', 89: '', 90: '', 91: '', 92: '', 93: '', 94: '', 95: '', 96: '', 97: '', 98: '', 99: '', 100: '', 101: '', 102: '', 103: '', 104: '', 105: '', 106: '', 107: '', 108: '', 109: '', 110: '', 111: ''})"
2023-03-13,"defaultdict(<class 'str'>, {70: '', 71: '', 72: '', 73: '', 74: 'os', 75: 'KLNtR', 76: 'JMOPQ', 77: '', 78: 'S', 79: '', 80: '', 81: '', 82: '', 83: '', 84: '', 85: '', 86: '', 87: '', 88: '', 89: '', 90: '', 91: '', 92: '', 93: '', 94: '', 95: '', 96: '', 97: '', 98: '', 99: '', 100: '', 101: '', 102: '', 103: '', 104: '', 105: '', 106: '', 107: '', 108: '', 109: '', 110: '', 111: ''})"
2023-03-14,"defaultdict(<class 'str'>, {70: '', 71: '', 72: '', 73: '', 74: '', 75: '', 76: 'J', 77: 'KL', 78: '', 79: '', 80: '', 81: '', 82: '', 83: '', 84: '', 85: '', 86: '', 87: '', 88: '', 89: '', 90: '', 91: '', 92: '', 93: '', 94: '', 95: '', 96: '', 97: '', 98: '', 99: '', 100: '', 101: '', 102: '', 103: '', 104: '', 105: '', 106: '', 107: '', 108: '', 109: '', 110: '', 111: ''})"
